id,title,content,author_id,author_username,created_at,updated_at,comment_count,sentiment_score,sentiment_colors,sentiment_type,popularity_score,is_blocked,toxicity_tags,toxicity_scores
62b2934b-09dd-49fd-a56c-eefd479a98d8,Sarcastic Post 3,"Sure, that makes perfect sense. Obviously the best possible solution to this complex problem.",f2978545-bc1d-46fd-82cc-234ede5dd062,mariagarcia,2025-09-21T02:29:27.189993908+00:00,2025-09-21T02:29:27.189996738+00:00,0,0.7200000000000001,"[""#7c3aed""]",sarcastic,0.9,false,[],"{""identity_attack"":0.00006803819997003302,""insult"":0.00010693863441701978,""obscene"":0.00002463638702465687,""severe_toxicity"":1.3049929066255572e-6,""sexual_explicit"":0.00001245470321009634,""threat"":0.000018646394892130047,""toxicity"":0.00039743221714161336}"
4a426b69-9322-49de-b240-2d3d0052d88d,Affectionate Post 1,"I absolutely adore this community! You're all such wonderful, caring people and I feel so much love here.",cc7f01fc-a654-471a-8741-e578bc393ae5,alexchen2024,2025-09-21T02:29:29.136973920+00:00,2025-09-21T02:29:29.136977110+00:00,0,0.9000000000000001,"[""#ec4899""]",affection,5.5,false,[],"{""identity_attack"":0.00006154721631901339,""insult"":0.00010216746886726467,""obscene"":0.00002472170308465138,""severe_toxicity"":1.298609163313813e-6,""sexual_explicit"":0.000012149589565524366,""threat"":0.000015489442375837825,""toxicity"":0.0003513665869832039}"
6decd3d2-4991-48ff-92ec-deb9c68a5ce8,Moderation Test: severe_toxicity 2,This is the worst platform ever created and everyone involved should be ashamed of themselves.,f2978545-bc1d-46fd-82cc-234ede5dd062,mariagarcia,2025-09-21T02:29:35.511166120+00:00,2025-09-21T02:29:35.511169700+00:00,0,0.7200000000000001,"[""#1e3a8a""]",sad,0.8,false,[],"{""identity_attack"":0.0017911691684275866,""insult"":0.0276577640324831,""obscene"":0.0008539858390577137,""severe_toxicity"":7.621521945111453e-6,""sexual_explicit"":0.00020606791076716036,""threat"":0.00018122652545571327,""toxicity"":0.08145401626825333}"
acc06c11-40ce-4cd6-bf50-4fed4a924577,Confused Post 2,This is so confusing I don't even know where to start. I'm absolutely puzzled by everything happening.,13f28460-40ef-4015-9261-d3383e183fe9,mikebrown,2025-09-21T02:29:20.683158292+00:00,2025-09-21T02:29:20.683161682+00:00,0,0.8000000000000002,"[""#a16207""]",confused,0.95,false,[],"{""identity_attack"":0.00006913053221069276,""insult"":0.00010027376265497878,""obscene"":0.00002728496110648848,""severe_toxicity"":1.359895350105944e-6,""sexual_explicit"":0.000014197049495123792,""threat"":0.00001856287963164505,""toxicity"":0.00041684939060360193}"
a7e4b9fc-4279-4e80-b293-c4fc2238d100,Surprise Post 2,This is such a surprise! I'm totally stunned by this amazing and unexpected development!,f2978545-bc1d-46fd-82cc-234ede5dd062,mariagarcia,2025-09-21T02:29:17.996944888+00:00,2025-09-21T02:29:17.996948248+00:00,0,0.7200000000000001,"[""#7c3aed""]",sarcastic,0.9,false,[],"{""identity_attack"":0.00007236369856400415,""insult"":0.00011106861347798258,""obscene"":0.00002229011988674756,""severe_toxicity"":1.2267812508071074e-6,""sexual_explicit"":0.000014208832908479962,""threat"":0.00002118745396728627,""toxicity"":0.00043593463487923145}"
57e756ea-a0f2-4666-8cce-62425c4436c4,Confused Post 1,I'm completely bewildered by this whole situation. Nothing makes sense anymore and I'm totally lost.,15eee8cb-dd1b-4bfb-b0ce-0a7daa80c556,sarahwilson,2025-09-21T02:29:20.146351719+00:00,2025-09-21T02:29:20.146355069+00:00,0,0.7200000000000001,"[""#7c3aed""]",sarcastic,0.9,false,[],"{""identity_attack"":0.00006167394894873723,""insult"":0.00012746993161272258,""obscene"":0.000037297479138942435,""severe_toxicity"":1.440052528778324e-6,""sexual_explicit"":0.000014570270650438031,""threat"":0.00002162006603612099,""toxicity"":0.0005395138286985457}"
151edab8-2af5-4a28-8900-0b8f40a6442c,Confused Post 3,I don't understand what's going on here at all. This whole thing has me completely baffled and perplexed.,13f28460-40ef-4015-9261-d3383e183fe9,mikebrown,2025-09-21T02:29:21.497173215+00:00,2025-09-21T02:29:21.497175975+00:00,0,0.8000000000000002,"[""#a16207""]",confused,0.95,false,[],"{""identity_attack"":0.00005668536323355511,""insult"":0.0001188062087749131,""obscene"":0.00003516096330713481,""severe_toxicity"":1.3648298136104131e-6,""sexual_explicit"":0.000015267754861270078,""threat"":0.00001945113399415277,""toxicity"":0.0004825437790714204}"
3be3e558-4c62-4aa1-b384-e2900b0bfacc,Fear Post 4,The thought of this happening keeps me awake at night. I'm genuinely frightened by these possibilities.,f2978545-bc1d-46fd-82cc-234ede5dd062,mariagarcia,2025-09-21T02:29:13.704611547+00:00,2025-09-21T02:29:13.704614627+00:00,0,0.9000000000000001,"[""#374151""]",fear,0.7,false,[],"{""identity_attack"":0.00007656411617062986,""insult"":0.00010107305570272727,""obscene"":0.00002630862218211405,""severe_toxicity"":1.4843187727819895e-6,""sexual_explicit"":0.000016423155102529563,""threat"":0.000025343402739963498,""toxicity"":0.00043430080404505134}"
92dd89ba-8d4c-4d60-abdb-87d346d53eb2,Surprise Post 3,I'm absolutely amazed by this revelation! This caught me completely off guard in the best way!,13f28460-40ef-4015-9261-d3383e183fe9,mikebrown,2025-09-21T02:29:18.850687307+00:00,2025-09-21T02:29:18.850690627+00:00,0,0.7200000000000001,"[""#f97316""]",surprise,1.1,false,[],"{""identity_attack"":0.00006785173172829673,""insult"":0.00012528637307696044,""obscene"":0.0000247943517024396,""severe_toxicity"":1.1663572649922571e-6,""sexual_explicit"":0.000012279212569410449,""threat"":0.00002435729038552381,""toxicity"":0.0004886238602921367}"
229b9c7f-4b92-482b-973d-b4255c9ce909,Obscene Test 2,This damn platform is so fucking stupid and all this shit content makes me want to puke.,cc7f01fc-a654-471a-8741-e578bc393ae5,alexchen2024,2025-09-21T02:34:40.816811553+00:00,2025-09-21T02:34:40.816815363+00:00,0,0.6400000000000001,"[""#dc2626""]",angry,0.6,false,"[""toxicity"",""obscene"",""insult""]","{""identity_attack"":0.026495227590203285,""insult"":0.891997754573822,""obscene"":0.981501281261444,""severe_toxicity"":0.15520772337913513,""sexual_explicit"":0.06071988120675087,""threat"":0.0023867166601121426,""toxicity"":0.9964016675949096}"
f15bf482-36ca-4d15-ae76-cab57f675563,Moderation Test: insult 2,What a bunch of pathetic users on this worthless site full of incompetent people.,f2978545-bc1d-46fd-82cc-234ede5dd062,mariagarcia,2025-09-21T02:29:40.361892903+00:00,2025-09-21T02:29:40.361895923+00:00,0,0.8200000000000002,"[""#dc2626""]",angry,0.6,false,"[""toxicity"",""insult""]","{""identity_attack"":0.002755970694124698,""insult"":0.9897863864898682,""obscene"":0.0028764752205461264,""severe_toxicity"":0.00019552736193872988,""sexual_explicit"":0.00040893020923249424,""threat"":0.0003244986291974783,""toxicity"":0.9938560128211976}"
2ccded20-cfde-461e-b8d1-21020890a867,Moderation Test: severe_toxicity 1,These people are complete morons and this place should be shut down permanently for good.,13f28460-40ef-4015-9261-d3383e183fe9,mikebrown,2025-09-21T02:29:34.439781524+00:00,2025-09-21T02:29:34.439784484+00:00,0,0.8200000000000002,"[""#dc2626""]",angry,0.6,false,"[""toxicity"",""insult""]","{""identity_attack"":0.002042958280071616,""insult"":0.9828694462776184,""obscene"":0.008925249800086021,""severe_toxicity"":0.0003408186894375831,""sexual_explicit"":0.00046629770076833665,""threat"":0.002022629836574197,""toxicity"":0.9932640790939332}"
ace1d36f-0b57-48db-856c-f4dc46914ff0,I'm in love!,Found the most beautiful woman in the world. Life is amazing.,ad87079a-f566-400f-b7e5-b65f93cfd68b,bob1,2025-09-20T22:37:11.926870012+00:00,2025-09-20T22:37:11.926872832+00:00,0,0.76,"[""#fbbf24""]",happy,1.7340000000000004,false,[],"{""identity_attack"":0.0016376854619011283,""insult"":0.0007707055192440748,""obscene"":0.00014175022079143673,""severe_toxicity"":0.00002623170985316392,""sexual_explicit"":0.0004742280289065093,""threat"":0.00020258285803720355,""toxicity"":0.003403115551918745}"
3700d3c8-fb69-4d0c-9d8e-ade475700914,Angry Post 2,I'm really frustrated with how this situation has been handled. This incompetence is driving me crazy!,f2978545-bc1d-46fd-82cc-234ede5dd062,mariagarcia,2025-09-21T02:29:08.583816413+00:00,2025-09-21T02:29:08.583819253+00:00,0,0.8000000000000002,"[""#dc2626""]",angry,0.6,false,[],"{""identity_attack"":0.0005821327213197947,""insult"":0.07327700406312943,""obscene"":0.001096343039534986,""severe_toxicity"":7.994683983270079e-6,""sexual_explicit"":0.00017699979071039706,""threat"":0.00021315626509021968,""toxicity"":0.1280156373977661}"
5d2494c1-d5bc-406f-af88-5910e51d05d2,Sad Post 4,Feeling quite blue today. Sometimes the sadness just hits you and you need to acknowledge it.,cc7f01fc-a654-471a-8741-e578bc393ae5,alexchen2024,2025-09-21T02:29:07.328519417+00:00,2025-09-21T02:29:07.328523177+00:00,0,0.6400000000000001,"[""#6b7280""]",neutral,1.0,false,[],"{""identity_attack"":0.00008973673539003357,""insult"":0.00011199835716979578,""obscene"":0.000025400237063877285,""severe_toxicity"":1.4991037460276857e-6,""sexual_explicit"":0.00001559223710501101,""threat"":0.00003580593693186529,""toxicity"":0.0005274406867101789}"
64d1b61e-76cf-40cc-9c54-3910b6b7cde5,Surprise Post 4,What a shocking discovery! I never expected this would happen - I'm genuinely surprised!,cc7f01fc-a654-471a-8741-e578bc393ae5,alexchen2024,2025-09-21T02:29:19.556833852+00:00,2025-09-21T02:29:19.556837542+00:00,0,0.9,"[""#f97316""]",surprise,5.5,false,[],"{""identity_attack"":0.00007238068064907566,""insult"":0.00011456495121819898,""obscene"":0.00002240710637124721,""severe_toxicity"":1.1410828619773383e-6,""sexual_explicit"":0.000011578619705687744,""threat"":0.00002077431054203771,""toxicity"":0.00044607394374907017}"
6c7a51ce-d7fc-4498-832f-8384d48c5b0d,Today is a great day to swim!,Come join me for a swim! Does anyone recommend a spot near the houston metro area?,ad87079a-f566-400f-b7e5-b65f93cfd68b,bob1,2025-09-20T21:47:25.441609124+00:00,2025-09-20T21:47:25.441611834+00:00,0,0.9340000000000002,"[""#fbbf24""]",happy,3.914800000000001,false,[],"{""identity_attack"":0.00013170044985599816,""insult"":0.00013493100414052606,""obscene"":0.00003989547985838726,""severe_toxicity"":1.9940944184781983e-6,""sexual_explicit"":0.00002936749842774589,""threat"":0.00005975962267257273,""toxicity"":0.0008112905779853463}"
f5a292a1-7572-480f-9088-45d5d1b2ffee,Surprise Post 1,"Wow, I did not see that coming at all! What an unexpected turn of events - I'm completely shocked!",ded03b9b-97a0-4214-b8fa-e34a1614052a,davidjohnson,2025-09-21T02:29:17.218985711+00:00,2025-09-21T02:29:17.218989211+00:00,0,0.7200000000000001,"[""#f97316""]",surprise,1.1,false,[],"{""identity_attack"":0.00007380238821497187,""insult"":0.0001203912979690358,""obscene"":0.000026312662157579325,""severe_toxicity"":1.2359938637018786e-6,""sexual_explicit"":0.000013401110663835423,""threat"":0.000024138149456121027,""toxicity"":0.000512653321493417}"
e4c66ab9-a17e-48ad-ac70-37f0a63e1d20,Disgust Post 4,Absolutely vile! This disgusting behavior is making me feel physically ill and revolted.,13f28460-40ef-4015-9261-d3383e183fe9,mikebrown,2025-09-21T02:29:16.333516026+00:00,2025-09-21T02:29:16.333518826+00:00,0,0.6400000000000001,"[""#84cc16""]",disgust,0.6,false,[],"{""identity_attack"":0.0007980091031640768,""insult"":0.25125831365585327,""obscene"":0.0028208268340677023,""severe_toxicity"":0.00003101235051872209,""sexual_explicit"":0.0012596287997439504,""threat"":0.0007345816120505333,""toxicity"":0.3990512490272522}"
dbbbda28-8902-4786-8328-fe0bc871e663,Neutral Post 2,"According to the latest report, the quarterly data shows standard performance metrics across all departments.",15eee8cb-dd1b-4bfb-b0ce-0a7daa80c556,sarahwilson,2025-09-21T02:29:23.462088385+00:00,2025-09-21T02:29:23.462091765+00:00,0,0.6400000000000001,"[""#6b7280""]",neutral,1.0,false,[],"{""identity_attack"":0.00007182717672549188,""insult"":0.00009900100121740252,""obscene"":0.000022770444047637284,""severe_toxicity"":1.308384980802657e-6,""sexual_explicit"":0.000012010152204311453,""threat"":0.000016776000848039985,""toxicity"":0.00035291537642478943}"
680ceccf-d530-4938-82b6-dc3d53b71078,Disgust Post 1,This is absolutely revolting! The smell and appearance of this makes me feel sick to my stomach.,cc7f01fc-a654-471a-8741-e578bc393ae5,alexchen2024,2025-09-21T02:29:14.342679048+00:00,2025-09-21T02:29:14.342681988+00:00,0,0.6400000000000001,"[""#84cc16""]",disgust,0.6,false,[],"{""identity_attack"":0.0006487237405963242,""insult"":0.32170361280441284,""obscene"":0.004265542142093182,""severe_toxicity"":0.0000223282040678896,""sexual_explicit"":0.0006113187409937382,""threat"":0.0003242874226998538,""toxicity"":0.4589783549308777}"
c08b6fca-c778-4193-a18e-aaec7d9c511e,Sad Post 1,I'm feeling really down today. Sometimes life feels overwhelming and I just need to share this sadness.,15eee8cb-dd1b-4bfb-b0ce-0a7daa80c556,sarahwilson,2025-09-21T02:29:04.845552952+00:00,2025-09-21T02:29:04.845555352+00:00,0,0.6400000000000001,"[""#6b7280""]",neutral,1.0,false,[],"{""identity_attack"":0.00007187938899733126,""insult"":0.00009946779755409808,""obscene"":0.000024465660317218862,""severe_toxicity"":1.3731463468502625e-6,""sexual_explicit"":0.000014581530194845982,""threat"":0.000019930768758058548,""toxicity"":0.0003922339237760752}"
0ed2f69c-b7c1-4d4f-bf64-8bb4cf7ff38e,Affectionate Post 4,Sending so much love and positive energy to everyone! This caring community fills my heart with joy and tenderness.,15eee8cb-dd1b-4bfb-b0ce-0a7daa80c556,sarahwilson,2025-09-21T02:29:31.792137917+00:00,2025-09-21T02:29:31.792141277+00:00,0,0.9000000000000001,"[""#ec4899""]",affection,5.5,false,[],"{""identity_attack"":0.00006519202725030482,""insult"":0.0000996469461824745,""obscene"":0.000023792639694875103,""severe_toxicity"":1.3877685205443413e-6,""sexual_explicit"":0.000013785476767225193,""threat"":0.00001692443220235873,""toxicity"":0.00033677907777018845}"
5ed3d19d-d6d4-4d6e-9785-0a1d2ee62295,Joy Post 2,Today has been such a wonderful day! I feel incredibly grateful for all the positive energy around here.,ded03b9b-97a0-4214-b8fa-e34a1614052a,davidjohnson,2025-09-21T02:29:01.581906420+00:00,2025-09-21T02:29:01.581909680+00:00,0,0.85,"[""#fbbf24""]",happy,1.4,false,[],"{""identity_attack"":0.00006861222209408879,""insult"":0.00009961958130588756,""obscene"":0.000021987851141602732,""severe_toxicity"":1.2569867067213636e-6,""sexual_explicit"":0.000011636491763056256,""threat"":0.000016543692254344933,""toxicity"":0.0003469600633252412}"
b276b093-8814-4dc1-ba94-877fd470526f,Obscene Test 1,What the hell is wrong with all these damn idiots posting this bullshit crap all over this fucking terrible site.,13f28460-40ef-4015-9261-d3383e183fe9,mikebrown,2025-09-21T02:34:39.645390561+00:00,2025-09-21T02:34:39.645393541+00:00,0,0.6400000000000001,"[""#dc2626""]",angry,0.6,false,"[""toxicity"",""obscene"",""insult""]","{""identity_attack"":0.03683287650346756,""insult"":0.9393051266670228,""obscene"":0.9800823330879213,""severe_toxicity"":0.17433500289916992,""sexual_explicit"":0.06589975953102112,""threat"":0.002893211552873254,""toxicity"":0.9972905516624452}"
0c7ed724-e106-49a4-9d0a-5209e22be7af,Toxicity Test 2,This website is absolute shit and everyone who uses it is a complete waste of space and oxygen.,f2978545-bc1d-46fd-82cc-234ede5dd062,mariagarcia,2025-09-21T02:34:36.039057270+00:00,2025-09-21T02:34:36.039060690+00:00,0,0.6400000000000001,"[""#6b7280""]",neutral,1.0,false,"[""toxicity"",""obscene""]","{""identity_attack"":0.00514895049855113,""insult"":0.4097248315811157,""obscene"":0.857764482498169,""severe_toxicity"":0.004745375365018845,""sexual_explicit"":0.002877506660297513,""threat"":0.0004829392419196666,""toxicity"":0.9559047222137452}"
b2f77e6c-6fad-4617-ad48-39544d19753b,Sarcastic Post 1,"Oh great, just what I needed today - another perfect example of flawless planning and execution!",ded03b9b-97a0-4214-b8fa-e34a1614052a,davidjohnson,2025-09-21T02:29:25.555515142+00:00,2025-09-21T02:29:25.555518022+00:00,0,0.7200000000000001,"[""#7c3aed""]",sarcastic,0.9,false,[],"{""identity_attack"":0.00008271205297205597,""insult"":0.00012245358084328473,""obscene"":0.00003128888783976436,""severe_toxicity"":1.5244474980136149e-6,""sexual_explicit"":0.00001578758929099422,""threat"":0.000027141059035784565,""toxicity"":0.0005596085102297366}"
2e808e06-c5d2-4eeb-8fe8-ca9ea0873837,Severe Toxicity Test 2,This place is filled with the most worthless human beings on the planet who contribute nothing to society.,15eee8cb-dd1b-4bfb-b0ce-0a7daa80c556,sarahwilson,2025-09-21T02:34:38.433837787+00:00,2025-09-21T02:34:38.433840878+00:00,0,0.6400000000000001,"[""#dc2626""]",angry,0.6,false,"[""toxicity"",""insult""]","{""identity_attack"":0.007425891235470772,""insult"":0.6011735200881958,""obscene"":0.0006052502430975437,""severe_toxicity"":0.000014752594324818348,""sexual_explicit"":0.000154696375830099,""threat"":0.00011375971371307968,""toxicity"":0.6850252151489258}"
4701ab7f-9d25-41d1-a245-a7d087ccc032,Moderation Test: obscene 2,What the hell is wrong with this stupid site and all this ridiculous bullshit content.,ded03b9b-97a0-4214-b8fa-e34a1614052a,davidjohnson,2025-09-21T02:29:37.074168353+00:00,2025-09-21T02:29:37.074171433+00:00,0,0.8200000000000002,"[""#dc2626""]",angry,0.6,false,"[""toxicity"",""obscene"",""insult""]","{""identity_attack"":0.009631714783608912,""insult"":0.9506768584251404,""obscene"":0.8874506950378418,""severe_toxicity"":0.022655516862869263,""sexual_explicit"":0.011024425737559795,""threat"":0.0010970974108204246,""toxicity"":0.9959671497344972}"
b282e4f4-a1fd-4ac6-84a6-16fcf3ebb5dd,Moderation Test: threat 2,This needs to be stopped immediately or there will be serious consequences for everyone.,cc7f01fc-a654-471a-8741-e578bc393ae5,alexchen2024,2025-09-21T02:29:38.745296845+00:00,2025-09-21T02:29:38.745299705+00:00,0,0.6400000000000001,"[""#6b7280""]",neutral,1.0,false,[],"{""identity_attack"":0.00014583364827558398,""insult"":0.00016737065743654966,""obscene"":0.00004587865259964019,""severe_toxicity"":2.706793566176202e-6,""sexual_explicit"":0.000027983922336716205,""threat"":0.0002396770287305117,""toxicity"":0.001447191694751382}"
b3fc0e26-ae28-416e-a371-8d88a5919361,Angry Post 1,This is absolutely infuriating! The lack of consideration for others is making me so mad right now!,cc7f01fc-a654-471a-8741-e578bc393ae5,alexchen2024,2025-09-21T02:29:07.948713340+00:00,2025-09-21T02:29:07.948716420+00:00,0,0.8000000000000002,"[""#dc2626""]",angry,0.6,false,[],"{""identity_attack"":0.00022426535724662244,""insult"":0.001694591948762536,""obscene"":0.00022217282094061375,""severe_toxicity"":2.914674723797362e-6,""sexual_explicit"":0.000046419212594628334,""threat"":0.00012249176506884396,""toxicity"":0.007340411189943552}"
8652431b-0e64-43aa-97d8-eba67aba0c4a,Sad Post 3,I'm struggling with some personal challenges lately. The weight of everything feels so heavy right now.,ded03b9b-97a0-4214-b8fa-e34a1614052a,davidjohnson,2025-09-21T02:29:06.443989381+00:00,2025-09-21T02:29:06.443992791+00:00,0,0.9000000000000001,"[""#1e3a8a""]",sad,0.8,false,[],"{""identity_attack"":0.00007494135934393853,""insult"":0.0001001732307486236,""obscene"":0.00002868834053515457,""severe_toxicity"":1.4930769793863874e-6,""sexual_explicit"":0.000016345000403816812,""threat"":0.000022992142476141453,""toxicity"":0.0004237633547745645}"
55419c93-d9a8-4faa-a12a-904c07b41916,Threat Test 2,This platform needs to be destroyed and everyone responsible should pay the consequences.,ded03b9b-97a0-4214-b8fa-e34a1614052a,davidjohnson,2025-09-21T02:34:43.194036037+00:00,2025-09-21T02:34:43.194038767+00:00,0,0.7200000000000001,"[""#1e3a8a""]",sad,0.8,false,[],"{""identity_attack"":0.0014722371706739068,""insult"":0.0021148910745978355,""obscene"":0.0005809167050756514,""severe_toxicity"":0.00002834114457073156,""sexual_explicit"":0.00022897994494996965,""threat"":0.0571320541203022,""toxicity"":0.12476617842912674}"
787ac885-d4c4-4f12-ad14-b33ffd70a74c,This is the new hope for social media,"This is the hope we have been waiting for! A social media to protect us from the vileness in the world. It's ok to feel emotions and we should embrace the spectrum of emotions. ITs ok to be angry, its ok to be sad, and its awesome if you're feeling super happy! The point is that it's not ok to spew vile words. Words only meant to hurt people's identities. Instead we embrace our humanity here at social pulse. Here we do not hurt people. We just spread how we feel, good, bad or inbetween. I love you all. ",ad87079a-f566-400f-b7e5-b65f93cfd68b,bob1,2025-09-21T02:52:43.839733525+00:00,2025-09-21T02:52:43.839736265+00:00,0,0.7200000000000001,"[""#ec4899""]",affection,1.1,false,[],"{""identity_attack"":0.00008398242061957717,""insult"":0.0001611222978681326,""obscene"":0.000031925923394737765,""severe_toxicity"":1.3534302070183912e-6,""sexual_explicit"":0.000015286548659787513,""threat"":0.000024803861379041336,""toxicity"":0.0006718202494084835}"
6736bb91-4efa-4ec8-b61d-3bb38333c9db,Angry Post 4,This makes me so angry! The total disregard for basic decency is absolutely maddening!,13f28460-40ef-4015-9261-d3383e183fe9,mikebrown,2025-09-21T02:29:10.085984572+00:00,2025-09-21T02:29:10.085987822+00:00,0,0.8000000000000002,"[""#dc2626""]",angry,0.6,false,[],"{""identity_attack"":0.0003238094795960933,""insult"":0.00449298694729805,""obscene"":0.00029784798971377313,""severe_toxicity"":3.281997123849578e-6,""sexual_explicit"":0.00008041799446800724,""threat"":0.00010050772834802046,""toxicity"":0.013018229976296425}"
afd499c2-2d66-48c5-a0a3-e64dcbe6cc76,Severe Toxicity Test 1,All of you losers should just disappear and never come back to this pathetic excuse for a platform.,ded03b9b-97a0-4214-b8fa-e34a1614052a,davidjohnson,2025-09-21T02:34:37.307366007+00:00,2025-09-21T02:34:37.307369457+00:00,0,0.7800000000000001,"[""#dc2626""]",angry,0.6,false,"[""toxicity"",""insult""]","{""identity_attack"":0.0014012526953592896,""insult"":0.9730122089385986,""obscene"":0.003281458979472518,""severe_toxicity"":0.00019266367598902431,""sexual_explicit"":0.00031121104257181287,""threat"":0.005560200661420822,""toxicity"":0.9886228442192078}"
e8f0a48b-01c3-413e-b57a-baffe53f5434,Affectionate Post 2,My heart is full of warmth and affection for everyone here. This loving environment means the world to me.,ded03b9b-97a0-4214-b8fa-e34a1614052a,davidjohnson,2025-09-21T02:29:29.943959454+00:00,2025-09-21T02:29:29.943962504+00:00,0,0.9000000000000001,"[""#ec4899""]",affection,5.5,false,[],"{""identity_attack"":0.00007538797217421234,""insult"":0.0000941143007366918,""obscene"":0.00002427374420221895,""severe_toxicity"":1.421786009814241e-6,""sexual_explicit"":0.000014195100447977891,""threat"":0.000017964492144528776,""toxicity"":0.00034911526017822325}"
b89a3178-e737-483d-83f4-5677dfa7a82e,Confused Post 4,This makes no sense whatsoever. I'm totally confused and have no idea what to make of this situation.,cc7f01fc-a654-471a-8741-e578bc393ae5,alexchen2024,2025-09-21T02:29:22.086058272+00:00,2025-09-21T02:29:22.086061222+00:00,0,0.7200000000000001,"[""#7c3aed""]",sarcastic,0.9,false,[],"{""identity_attack"":0.00006688405846944079,""insult"":0.00011830720904981716,""obscene"":0.000025248211386497132,""severe_toxicity"":1.235834815815906e-6,""sexual_explicit"":0.0000132731574922218,""threat"":0.000018352377082919705,""toxicity"":0.0004604476562235504}"
684b16ee-f76d-460b-a0bf-548ae3d2f453,Joy Post 3,This is fantastic news! I can't contain my joy - this community is absolutely brilliant and uplifting!,13f28460-40ef-4015-9261-d3383e183fe9,mikebrown,2025-09-21T02:29:02.552321216+00:00,2025-09-21T02:29:02.552324536+00:00,0,0.68,"[""#fbbf24""]",happy,1.4,false,[],"{""identity_attack"":0.00006703596591250971,""insult"":0.00011291403643554077,""obscene"":0.000024611028493382037,""severe_toxicity"":1.245518092218845e-6,""sexual_explicit"":0.000012601825801539237,""threat"":0.000017334255971945822,""toxicity"":0.0004086182452738285}"
13cf17ae-301f-48d9-a18b-604319a71989,Neutral Post 1,The meeting is scheduled for tomorrow at 3 PM. Please review the documents and agenda beforehand.,f2978545-bc1d-46fd-82cc-234ede5dd062,mariagarcia,2025-09-21T02:29:22.720416845+00:00,2025-09-21T02:29:22.720419605+00:00,0,0.6400000000000001,"[""#6b7280""]",neutral,1.0,false,[],"{""identity_attack"":0.00006518480950035155,""insult"":0.00010408769594505428,""obscene"":0.0000275722959486302,""severe_toxicity"":1.3555473969972809e-6,""sexual_explicit"":0.000013169589692552108,""threat"":0.000019135377442580648,""toxicity"":0.0003995054867118597}"
49cf1dbd-50c0-4a93-91b3-b2f4474b116e,Fear Post 3,I'm afraid of what the future holds. These changes are making me feel very nervous and uncertain.,f2978545-bc1d-46fd-82cc-234ede5dd062,mariagarcia,2025-09-21T02:29:12.731975220+00:00,2025-09-21T02:29:12.731978460+00:00,0,0.9000000000000001,"[""#374151""]",fear,0.7,false,[],"{""identity_attack"":0.00008759833872318268,""insult"":0.00012175439769634976,""obscene"":0.00002499758375051897,""severe_toxicity"":1.3474337947627646e-6,""sexual_explicit"":0.00001434290697943652,""threat"":0.00002547444455558434,""toxicity"":0.0005204880144447088}"
249f9bce-4580-4e5f-b1bf-fa208c24ffbe,Joy Post 1,I'm absolutely thrilled about this amazing new feature! This platform brings me so much happiness and excitement!,ded03b9b-97a0-4214-b8fa-e34a1614052a,davidjohnson,2025-09-21T02:29:00.740585109+00:00,2025-09-21T02:29:00.740588059+00:00,0,0.6400000000000001,"[""#fbbf24""]",happy,1.4,false,[],"{""identity_attack"":0.00006752472836524248,""insult"":0.00010654899961082263,""obscene"":0.000026159164917771704,""severe_toxicity"":1.2952153838341474e-6,""sexual_explicit"":0.000013624352504848504,""threat"":0.000018991138858837076,""toxicity"":0.0004280388820916414}"
8148e4d6-3b86-45cd-a19c-804008edb7e3,Toxicity Test 1,You people are all idiots and this stupid platform is complete garbage trash that nobody should ever use because it's run by morons.,cc7f01fc-a654-471a-8741-e578bc393ae5,alexchen2024,2025-09-21T02:34:34.762825233+00:00,2025-09-21T02:34:34.762828883+00:00,0,0.8020000000000002,"[""#dc2626""]",angry,0.6,false,"[""toxicity"",""insult""]","{""identity_attack"":0.004139460623264313,""insult"":0.9944320321083068,""obscene"":0.01071398053318262,""severe_toxicity"":0.0008744368678890169,""sexual_explicit"":0.0009841922437772157,""threat"":0.0006629413110204041,""toxicity"":0.9968451261520386}"
21bc31a7-fc8a-4451-9de8-2a499ac627b1,Angry Post 3,What a complete disaster! I'm furious about the way this has been managed - it's totally unacceptable!,f2978545-bc1d-46fd-82cc-234ede5dd062,mariagarcia,2025-09-21T02:29:09.272251269+00:00,2025-09-21T02:29:09.272254129+00:00,0,0.7200000000000001,"[""#7c3aed""]",sarcastic,0.9,false,[],"{""identity_attack"":0.00021437999384943396,""insult"":0.001691517187282443,""obscene"":0.0001137976796599105,""severe_toxicity"":2.215851282016956e-6,""sexual_explicit"":0.000041552531911293045,""threat"":0.0001341307797702029,""toxicity"":0.007730916608124971}"
9e04be76-a854-4074-bc17-ee60d828c95f,Affectionate Post 3,I cherish every moment spent with this amazing group. Your kindness and love make everything brighter!,ded03b9b-97a0-4214-b8fa-e34a1614052a,davidjohnson,2025-09-21T02:29:30.896215172+00:00,2025-09-21T02:29:30.896218242+00:00,0,0.9000000000000001,"[""#ec4899""]",affection,5.5,false,[],"{""identity_attack"":0.00006486305210273713,""insult"":0.0001136873834184371,""obscene"":0.00002491152918082662,""severe_toxicity"":1.2557321724671056e-6,""sexual_explicit"":0.000012783389138348866,""threat"":0.000018145334252039905,""toxicity"":0.00040471949614584446}"
91100f78-bd4d-4f26-b16e-6ddb7479a28d,Fear Post 1,I'm really worried about what might happen next. This uncertainty is making me quite anxious and scared.,15eee8cb-dd1b-4bfb-b0ce-0a7daa80c556,sarahwilson,2025-09-21T02:29:11.032437661+00:00,2025-09-21T02:29:11.032440852+00:00,0,0.9000000000000001,"[""#374151""]",fear,0.7,false,[],"{""identity_attack"":0.00007926046964712441,""insult"":0.00010217272938461974,""obscene"":0.00002809275065374095,""severe_toxicity"":1.4478659977612551e-6,""sexual_explicit"":0.000015465824617422186,""threat"":0.00002532033249735832,""toxicity"":0.0004481780051719398}"
28b0ec12-82e5-4df6-9da2-d8ae1ed8cf6a,Moderation Test: obscene 1,This damn platform is so freaking annoying and this crap content is absolutely terrible.,13f28460-40ef-4015-9261-d3383e183fe9,mikebrown,2025-09-21T02:29:36.239720062+00:00,2025-09-21T02:29:36.239722812+00:00,0,0.8200000000000002,"[""#dc2626""]",angry,0.6,false,"[""toxicity"",""obscene"",""insult""]","{""identity_attack"":0.014546383172273636,""insult"":0.5156431198120117,""obscene"":0.9454050064086914,""severe_toxicity"":0.02571002021431923,""sexual_explicit"":0.014441722072660925,""threat"":0.0011917027877643704,""toxicity"":0.9852421879768372}"
f22f3e21-ec45-4444-b6ae-d762c89eaa40,Fear Post 2,This situation terrifies me. I can't shake this feeling of dread about the potential consequences.,15eee8cb-dd1b-4bfb-b0ce-0a7daa80c556,sarahwilson,2025-09-21T02:29:11.750397185+00:00,2025-09-21T02:29:11.750400165+00:00,0,0.9000000000000001,"[""#374151""]",fear,0.7,false,[],"{""identity_attack"":0.00007853960414649919,""insult"":0.00011788006668211892,""obscene"":0.00002628735455800779,""severe_toxicity"":1.3385465535975527e-6,""sexual_explicit"":0.00001485038683313178,""threat"":0.000025181914679706097,""toxicity"":0.0004991521127521992}"
1b45ab4b-b4c9-4814-96ee-d2d396f72c57,Moderation Test: toxicity 1,This platform is complete garbage and everyone here is wasting their time with this nonsense.,15eee8cb-dd1b-4bfb-b0ce-0a7daa80c556,sarahwilson,2025-09-21T02:29:32.588883252+00:00,2025-09-21T02:29:32.588886102+00:00,0,0.8060000000000002,"[""#dc2626""]",angry,0.6,false,"[""toxicity"",""insult""]","{""identity_attack"":0.0004651303752325475,""insult"":0.9072349071502686,""obscene"":0.0009393355576321484,""severe_toxicity"":0.000017460346498410217,""sexual_explicit"":0.00009716691420180724,""threat"":0.00008216279093176126,""toxicity"":0.942866325378418}"
a45a7321-56a1-4657-a9ef-83e7225fe7bd,Neutral Post 4,The project documentation contains the necessary information for implementation. Please reference section 4.2.,f2978545-bc1d-46fd-82cc-234ede5dd062,mariagarcia,2025-09-21T02:29:24.805492002+00:00,2025-09-21T02:29:24.805494962+00:00,0,0.6400000000000001,"[""#6b7280""]",neutral,1.0,false,[],"{""identity_attack"":0.00007114290201570839,""insult"":0.00007778108556522056,""obscene"":0.00003216333425370976,""severe_toxicity"":1.8446900185153936e-6,""sexual_explicit"":0.000016107966075651348,""threat"":0.00002029829192906618,""toxicity"":0.0003701582027133554}"
f7284980-adf6-4d09-ba6c-a853d7875376,Joy Post 4,What an incredible achievement! I'm beaming with pride and excitement about this development!,15eee8cb-dd1b-4bfb-b0ce-0a7daa80c556,sarahwilson,2025-09-21T02:29:04.095338041+00:00,2025-09-21T02:29:04.095341472+00:00,0,0.68,"[""#fbbf24""]",happy,1.4,false,[],"{""identity_attack"":0.00007207308226497844,""insult"":0.00011572484800126404,""obscene"":0.00002740656418609433,""severe_toxicity"":1.332459873992775e-6,""sexual_explicit"":0.00001588357554282993,""threat"":0.000022148342395666987,""toxicity"":0.0004555121122393757}"
e7c61696-8482-4c6e-b376-acb46d1de31f,Sarcastic Post 4,"Oh absolutely, because nothing says 'professional' like this amazing level of organization and competence!",ded03b9b-97a0-4214-b8fa-e34a1614052a,davidjohnson,2025-09-21T02:29:28.119088409+00:00,2025-09-21T02:29:28.119091509+00:00,0,0.68,"[""#fbbf24""]",happy,1.4,false,[],"{""identity_attack"":0.00007402864139294252,""insult"":0.00016806712665129453,""obscene"":0.00002660698191903066,""severe_toxicity"":1.1645211088762153e-6,""sexual_explicit"":0.000015457862900802866,""threat"":0.00001797623190213926,""toxicity"":0.0006410203641280532}"
b668b8bb-9e47-4553-a23e-db2e8e1de05e,Disgust Post 2,I find this completely nauseating. The whole situation is just gross and repulsive.,13f28460-40ef-4015-9261-d3383e183fe9,mikebrown,2025-09-21T02:29:14.996227929+00:00,2025-09-21T02:29:14.996231289+00:00,0,0.6400000000000001,"[""#84cc16""]",disgust,0.6,false,"[""toxicity"",""insult""]","{""identity_attack"":0.0005619566072709858,""insult"":0.5872649550437927,""obscene"":0.0012037892593070865,""severe_toxicity"":0.0000152323700604029,""sexual_explicit"":0.00037486565997824073,""threat"":0.0001170431642094627,""toxicity"":0.7316048741340637}"
597babed-1f39-4b9c-946d-71affda7f018,Sarcastic Post 2,"Wow, what a brilliant idea! Because that worked out so wonderfully last time we tried it.",15eee8cb-dd1b-4bfb-b0ce-0a7daa80c556,sarahwilson,2025-09-21T02:29:26.498933602+00:00,2025-09-21T02:29:26.498936571+00:00,0,0.68,"[""#fbbf24""]",happy,1.4,false,[],"{""identity_attack"":0.00006823566218372434,""insult"":0.00010022272181231529,""obscene"":0.000027245539968134835,""severe_toxicity"":1.3543584600483882e-6,""sexual_explicit"":0.000013643961210618729,""threat"":0.000018374477804172784,""toxicity"":0.0003970189136452973}"
757483e4-934c-403e-b31d-9bef3fcbe9cb,Moderation Test: toxicity 2,What a bunch of idiots running this place. This whole thing is absolutely terrible and stupid.,13f28460-40ef-4015-9261-d3383e183fe9,mikebrown,2025-09-21T02:29:33.626520001+00:00,2025-09-21T02:29:33.626523431+00:00,0,0.7480000000000001,"[""#dc2626""]",angry,0.6,false,"[""toxicity"",""insult""]","{""identity_attack"":0.0035101452376693487,""insult"":0.9936561584472656,""obscene"":0.006168547552078962,""severe_toxicity"":0.0005265516228973866,""sexual_explicit"":0.0006499825394712389,""threat"":0.0005144390161149204,""toxicity"":0.9961607456207277}"
e32e3492-3911-4e66-850d-d7b9648e193f,Sad Post 2,This news has left me feeling quite melancholy. It's hard to process these difficult emotions.,15eee8cb-dd1b-4bfb-b0ce-0a7daa80c556,sarahwilson,2025-09-21T02:29:05.653526735+00:00,2025-09-21T02:29:05.653529595+00:00,0,0.9000000000000001,"[""#1e3a8a""]",sad,0.8,false,[],"{""identity_attack"":0.00007928239210741594,""insult"":0.00010305002797394992,""obscene"":0.00002296682941960171,""severe_toxicity"":1.323954165854957e-6,""sexual_explicit"":0.000013961705917608924,""threat"":0.000022287080355454236,""toxicity"":0.0004150147724431008}"
f7423fc9-0f65-4e1a-91bb-75aa9dc0cf18,Insult Test 1,You are all pathetic losers who have no life and spend all day on this worthless piece of junk platform.,15eee8cb-dd1b-4bfb-b0ce-0a7daa80c556,sarahwilson,2025-09-21T02:34:44.135620490+00:00,2025-09-21T02:34:44.135623730+00:00,0,0.6400000000000001,"[""#dc2626""]",angry,0.6,false,"[""toxicity"",""insult""]","{""identity_attack"":0.0021882224828004837,""insult"":0.9916917085647584,""obscene"":0.008010542951524258,""severe_toxicity"":0.0004456770257093012,""sexual_explicit"":0.0007643757853657007,""threat"":0.0005013223853893578,""toxicity"":0.995559811592102}"
86a092aa-246e-4229-88a3-704511494dca,Threat Test 1,Someone needs to shut this place down before something bad happens to everyone involved.,f2978545-bc1d-46fd-82cc-234ede5dd062,mariagarcia,2025-09-21T02:34:41.914880692+00:00,2025-09-21T02:34:41.914883472+00:00,0,0.7200000000000001,"[""#dc2626""]",angry,0.6,false,[],"{""identity_attack"":0.0007557267090305686,""insult"":0.0031237348448485136,""obscene"":0.00037950483965687454,""severe_toxicity"":8.568339580961037e-6,""sexual_explicit"":0.0000788539691711776,""threat"":0.0036283074878156185,""toxicity"":0.033114682883024216}"
5609e43a-8656-438d-a6cf-5470eeed926d,Disgust Post 3,This is so disgusting I can barely look at it. It makes me want to gag just thinking about it.,13f28460-40ef-4015-9261-d3383e183fe9,mikebrown,2025-09-21T02:29:15.652308028+00:00,2025-09-21T02:29:15.652311299+00:00,0,0.6400000000000001,"[""#84cc16""]",disgust,0.6,false,[],"{""identity_attack"":0.0008001190726645291,""insult"":0.2944629192352295,""obscene"":0.004997504409402609,""severe_toxicity"":0.000027102287276647985,""sexual_explicit"":0.001329902559518814,""threat"":0.0002977082913275808,""toxicity"":0.4494307935237885}"
6deb8e23-cd36-42fe-afac-5abca4b4432b,Insult Test 2,The users here are complete morons and the developers are incompetent fools who built this terrible system.,13f28460-40ef-4015-9261-d3383e183fe9,mikebrown,2025-09-21T02:34:45.053956022+00:00,2025-09-21T02:34:45.053958902+00:00,0,0.6400000000000001,"[""#dc2626""]",angry,0.6,false,"[""toxicity"",""insult""]","{""identity_attack"":0.0019032448763027787,""insult"":0.9906414151191713,""obscene"":0.004271470010280609,""severe_toxicity"":0.00025084815570153296,""sexual_explicit"":0.0003996152081526816,""threat"":0.0003585236263461411,""toxicity"":0.9943341016769408}"
a0475815-b7ec-4d5e-a87a-1612a81a805a,Moderation Test: insult 1,You people are such losers for using this pathetic excuse for a social platform.,13f28460-40ef-4015-9261-d3383e183fe9,mikebrown,2025-09-21T02:29:39.637558190+00:00,2025-09-21T02:29:39.637561540+00:00,0,0.7200000000000001,"[""#1e3a8a""]",sad,0.8,false,"[""toxicity"",""insult""]","{""identity_attack"":0.001339332782663405,""insult"":0.9841043949127196,""obscene"":0.002157090464606881,""severe_toxicity"":0.00010282023868057875,""sexual_explicit"":0.00028065266087651253,""threat"":0.00023511386825703084,""toxicity"":0.9902951717376708}"
bcd62d8f-f4eb-4d03-9f58-4a78bcceb479,This guy am i Right?,"Get a load of this guy. He is definitely the smartest leader we ever have. Definitely not a tool who is corrupt and who is totally not a weirdo. Yup, totally. ",ad87079a-f566-400f-b7e5-b65f93cfd68b,bob1,2025-09-21T02:42:52.299435078+00:00,2025-09-21T02:42:52.299438628+00:00,0,0.6880000000000001,"[""#7c3aed""]",sarcastic,0.9,false,[],"{""identity_attack"":0.0018542009638622403,""insult"":0.2014693468809128,""obscene"":0.0033144052140414715,""severe_toxicity"":0.000025958888727473095,""sexual_explicit"":0.0003491821698844433,""threat"":0.0003771583433263004,""toxicity"":0.264799565076828}"
a548c706-45f5-4d21-8a1b-2843d8509d09,Moderation Test: threat 1,Someone should really do something about this terrible platform before it gets worse.,13f28460-40ef-4015-9261-d3383e183fe9,mikebrown,2025-09-21T02:29:37.933287052+00:00,2025-09-21T02:29:37.933289892+00:00,0,0.7200000000000001,"[""#1e3a8a""]",sad,0.8,false,[],"{""identity_attack"":0.00025466480292379856,""insult"":0.001144561101682484,""obscene"":0.00017444333934690803,""severe_toxicity"":3.0788291951466817e-6,""sexual_explicit"":0.000054079839173937216,""threat"":0.00021070799266453832,""toxicity"":0.007797823753207922}"
2543f2b0-2ad8-426a-a676-2371e89114f1,Neutral Post 3,The weather forecast indicates partly cloudy conditions with temperatures around 72 degrees today.,cc7f01fc-a654-471a-8741-e578bc393ae5,alexchen2024,2025-09-21T02:29:24.145866262+00:00,2025-09-21T02:29:24.145868782+00:00,0,0.6400000000000001,"[""#6b7280""]",neutral,1.0,false,[],"{""identity_attack"":0.00009019485878525302,""insult"":0.00011209088552277537,""obscene"":0.000023554057406727225,""severe_toxicity"":1.3498762427843758e-6,""sexual_explicit"":0.000014429944712901488,""threat"":0.00002151231819880195,""toxicity"":0.000450609513791278}"
00d71f79-bca1-4b66-896a-91067af97754,Test Post - Sentiment Analysis,I am absolutely thrilled about this amazing new social media platform! It makes me so happy and excited to connect with everyone!,2d70be8e-4fd3-496d-be62-8c662ebbe866,testuser,2025-09-21T01:42:27.536522704+00:00,2025-09-21T01:42:27.536525755+00:00,0,0.6400000000000001,"[""#fbbf24""]",happy,6.32,false,[],"{""identity_attack"":0.0000659032812109217,""insult"":0.000108181317045819,""obscene"":0.00002600006882857997,""severe_toxicity"":1.2666303064179374e-6,""sexual_explicit"":0.000012886131116829349,""threat"":0.00001739522849675268,""toxicity"":0.0004015738668385893}"
